Unnamed: 0,ImageName,label,loss
167,test_0168_aligned.jpg,0,9.208285331726074
873,test_0874_aligned.jpg,0,7.163421154022217
753,test_0754_aligned.jpg,0,6.6567535400390625
1743,test_1744_aligned.jpg,0,5.864218235015869
196,test_0197_aligned.jpg,0,5.097010135650635
776,test_0777_aligned.jpg,0,4.863463401794434
673,test_0674_aligned.jpg,0,4.534759521484375
120,test_0121_aligned.jpg,0,4.3064751625061035
955,test_0956_aligned.jpg,0,4.103819370269775
911,test_0912_aligned.jpg,0,3.958142757415771
296,test_0297_aligned.jpg,0,3.6594643592834473
1980,test_1981_aligned.jpg,0,3.5848798751831055
1249,test_1250_aligned.jpg,0,3.285330057144165
154,test_0155_aligned.jpg,0,3.164659023284912
126,test_0127_aligned.jpg,0,3.103607654571533
2102,test_2103_aligned.jpg,0,3.0496134757995605
1944,test_1945_aligned.jpg,0,2.9544360637664795
244,test_0245_aligned.jpg,0,2.8168022632598877
2129,test_2130_aligned.jpg,0,1.8179526329040527
430,test_0431_aligned.jpg,0,1.8148491382598877
1013,test_1014_aligned.jpg,0,1.8019498586654663
72,test_0073_aligned.jpg,0,1.6817469596862793
997,test_0998_aligned.jpg,0,1.61014723777771
242,test_0243_aligned.jpg,0,1.5798137187957764
440,test_0441_aligned.jpg,0,1.2968215942382812
103,test_0104_aligned.jpg,0,1.2068616151809692
912,test_0913_aligned.jpg,0,0.8276727199554443
1721,test_1722_aligned.jpg,0,0.593009352684021
58,test_0059_aligned.jpg,0,0.5604230761528015
225,test_0226_aligned.jpg,0,0.4845863580703735
1144,test_1145_aligned.jpg,0,0.478550374507904
22,test_0023_aligned.jpg,0,0.4605787098407745
1250,test_1251_aligned.jpg,0,0.4500012993812561
146,test_0147_aligned.jpg,0,0.4372698366641998
658,test_0659_aligned.jpg,0,0.4238486588001251
1617,test_1618_aligned.jpg,0,0.4178053438663482
1316,test_1317_aligned.jpg,0,0.3412234783172607
794,test_0795_aligned.jpg,0,0.2888028919696808
1932,test_1933_aligned.jpg,0,0.2631842494010925
2191,test_2192_aligned.jpg,0,0.2109483927488327
1338,test_1339_aligned.jpg,0,0.1818821132183075
85,test_0086_aligned.jpg,0,0.1680034697055816
806,test_0807_aligned.jpg,0,0.1582593023777008
89,test_0090_aligned.jpg,0,0.1515724062919616
1000,test_1001_aligned.jpg,0,0.1492542922496795
1933,test_1934_aligned.jpg,0,0.1375882923603058
2099,test_2100_aligned.jpg,0,0.1368903517723083
34,test_0035_aligned.jpg,0,0.1148436293005943
1806,test_1807_aligned.jpg,0,0.1069331392645835
1927,test_1928_aligned.jpg,0,0.0942865386605262
1821,test_1822_aligned.jpg,0,0.0909003689885139
1839,test_1840_aligned.jpg,0,0.0871184915304184
1202,test_1203_aligned.jpg,0,0.076526865363121
986,test_0987_aligned.jpg,0,0.0737480893731117
197,test_0198_aligned.jpg,0,0.0601626001298427
643,test_0644_aligned.jpg,0,0.0574257113039493
162,test_0163_aligned.jpg,0,0.0540321245789527
1076,test_1077_aligned.jpg,0,0.0537702962756156
1036,test_1037_aligned.jpg,0,0.0536809340119361
862,test_0863_aligned.jpg,0,0.0468283966183662
688,test_0689_aligned.jpg,0,0.0448517575860023
194,test_0195_aligned.jpg,0,0.0385875217616558
818,test_0819_aligned.jpg,0,0.0353840701282024
1844,test_1845_aligned.jpg,0,0.0284635331481695
836,test_0837_aligned.jpg,0,0.0279956795275211
218,test_0219_aligned.jpg,0,0.0253393668681383
1032,test_1033_aligned.jpg,0,0.0252385940402746
1071,test_1072_aligned.jpg,0,0.0247964411973953
1206,test_1207_aligned.jpg,0,0.0232144650071859
1102,test_1103_aligned.jpg,0,0.0229255687445402
925,test_0926_aligned.jpg,0,0.0220467168837785
2067,test_2068_aligned.jpg,0,0.020398711785674
101,test_0102_aligned.jpg,0,0.0194852519780397
498,test_0499_aligned.jpg,0,0.0190049912780523
293,test_0294_aligned.jpg,0,0.0172519031912088
1970,test_1971_aligned.jpg,0,0.0169604569673538
1319,test_1320_aligned.jpg,0,0.0160274263471364
1499,test_1500_aligned.jpg,0,0.0147270951420068
195,test_0196_aligned.jpg,0,0.0143155250698328
353,test_0354_aligned.jpg,0,0.0143020106479525
1,test_0002_aligned.jpg,0,0.0141586298123002
1416,test_1417_aligned.jpg,0,0.0133223831653594
2013,test_2014_aligned.jpg,0,0.0124811986461281
1209,test_1210_aligned.jpg,0,0.0120053356513381
315,test_0316_aligned.jpg,0,0.0119308922439813
98,test_0099_aligned.jpg,0,0.0118438368663191
360,test_0361_aligned.jpg,0,0.0115885194391012
1277,test_1278_aligned.jpg,0,0.0104874446988105
2206,test_2207_aligned.jpg,0,0.0100344726815819
168,test_0169_aligned.jpg,0,0.0099494950845837
788,test_0789_aligned.jpg,0,0.0093322489410638
354,test_0355_aligned.jpg,0,0.0089375916868448
380,test_0381_aligned.jpg,0,0.0086400499567389
1063,test_1064_aligned.jpg,0,0.0081562064588069
670,test_0671_aligned.jpg,0,0.0076116770505905
1210,test_1211_aligned.jpg,0,0.0072161038406193
1713,test_1714_aligned.jpg,0,0.0070170159451663
877,test_0878_aligned.jpg,0,0.0068658385425806
1420,test_1421_aligned.jpg,0,0.0062353122048079
33,test_0034_aligned.jpg,0,0.0062212143093347
1033,test_1034_aligned.jpg,0,0.0060483515262603
1608,test_1609_aligned.jpg,0,0.0058492678217589
439,test_0440_aligned.jpg,0,0.0052675502374768
1366,test_1367_aligned.jpg,0,0.0049073491245508
1555,test_1556_aligned.jpg,0,0.0048819626681506
1669,test_1670_aligned.jpg,0,0.0048491018824279
1749,test_1750_aligned.jpg,0,0.0046806293539702
1801,test_1802_aligned.jpg,0,0.0044906488619744
287,test_0288_aligned.jpg,0,0.0043109580874443
1107,test_1108_aligned.jpg,0,0.004253507591784
313,test_0314_aligned.jpg,0,0.0042044818401336
186,test_0187_aligned.jpg,0,0.0040123919025063
199,test_0200_aligned.jpg,0,0.0038529224693775
1281,test_1282_aligned.jpg,0,0.003737133461982
576,test_0577_aligned.jpg,0,0.003571443259716
1854,test_1855_aligned.jpg,0,0.0033118657302111
1105,test_1106_aligned.jpg,0,0.0031968462280929
258,test_0259_aligned.jpg,0,0.0031924494542181
245,test_0246_aligned.jpg,0,0.0031903104390949
1193,test_1194_aligned.jpg,0,0.0031238826923072
1548,test_1549_aligned.jpg,0,0.0031011844985187
345,test_0346_aligned.jpg,0,0.0030996394343674
1054,test_1055_aligned.jpg,0,0.0030967872589826
1030,test_1031_aligned.jpg,0,0.0029541682451963
217,test_0218_aligned.jpg,0,0.0029005620162934
1785,test_1786_aligned.jpg,0,0.0028600285295397
1402,test_1403_aligned.jpg,0,0.0028596720658242
1284,test_1285_aligned.jpg,0,0.0027957186102867
2225,test_2226_aligned.jpg,0,0.0026515109930187
1327,test_1328_aligned.jpg,0,0.0026466362178325
866,test_0867_aligned.jpg,0,0.002566379494965
516,test_0517_aligned.jpg,0,0.0024488957133144
996,test_0997_aligned.jpg,0,0.0024405713193118
2182,test_2183_aligned.jpg,0,0.0023927649017423
1819,test_1820_aligned.jpg,0,0.0023429344873875
963,test_0964_aligned.jpg,0,0.0023386529646813
206,test_0207_aligned.jpg,0,0.0023329441901296
358,test_0359_aligned.jpg,0,0.0023008321877568
213,test_0214_aligned.jpg,0,0.0022777584381401
651,test_0652_aligned.jpg,0,0.0022710978519171
292,test_0293_aligned.jpg,0,0.0022072256542742
1014,test_1015_aligned.jpg,0,0.0020592452492564
1434,test_1435_aligned.jpg,0,0.0020507988519966
428,test_0429_aligned.jpg,0,0.0020003563258796
408,test_0409_aligned.jpg,0,0.0019311128417029
1340,test_1341_aligned.jpg,0,0.0019189768936485
1519,test_1520_aligned.jpg,0,0.0018880413845181
1341,test_1342_aligned.jpg,0,0.0018208129331469
1912,test_1913_aligned.jpg,0,0.001805224805139
563,test_0564_aligned.jpg,0,0.0018045108299702
678,test_0679_aligned.jpg,0,0.0017803546506911
902,test_0903_aligned.jpg,0,0.0017613149248063
2050,test_2051_aligned.jpg,0,0.0017481058603152
1832,test_1833_aligned.jpg,0,0.0017097868258133
150,test_0151_aligned.jpg,0,0.0016762267332524
134,test_0135_aligned.jpg,0,0.0016556377522647
1937,test_1938_aligned.jpg,0,0.0016519484343007
1981,test_1982_aligned.jpg,0,0.0016104121459648
600,test_0601_aligned.jpg,0,0.0016064846422523
83,test_0084_aligned.jpg,0,0.0016000575851649
248,test_0249_aligned.jpg,0,0.0015974391717463
763,test_0764_aligned.jpg,0,0.0015808953903615
1726,test_1727_aligned.jpg,0,0.0015666127437725
1149,test_1150_aligned.jpg,0,0.0015586382942274
325,test_0326_aligned.jpg,0,0.0015539963496848
2148,test_2149_aligned.jpg,0,0.0015506636118516
1265,test_1266_aligned.jpg,0,0.0015344761777669
872,test_0873_aligned.jpg,0,0.0015250729629769
1128,test_1129_aligned.jpg,0,0.0015123370103538
1399,test_1400_aligned.jpg,0,0.0015036477707326
969,test_0970_aligned.jpg,0,0.0014921018155291
1609,test_1610_aligned.jpg,0,0.0014553203945979
359,test_0360_aligned.jpg,0,0.0014315128792077
1969,test_1970_aligned.jpg,0,0.0014266322832554
906,test_0907_aligned.jpg,0,0.001417466206476
445,test_0446_aligned.jpg,0,0.0014042527182027
429,test_0430_aligned.jpg,0,0.001398300519213
1731,test_1732_aligned.jpg,0,0.0013824678026139
415,test_0416_aligned.jpg,0,0.0013747297925874
1337,test_1338_aligned.jpg,0,0.001369253732264
122,test_0123_aligned.jpg,0,0.0013643727870658
1203,test_1204_aligned.jpg,0,0.0013474680017679
1637,test_1638_aligned.jpg,0,0.001339848851785
1820,test_1821_aligned.jpg,0,0.001338658388704
1834,test_1835_aligned.jpg,0,0.0013371107634156
2217,test_2218_aligned.jpg,0,0.0013317534467205
1104,test_1105_aligned.jpg,0,0.0013280628481879
761,test_0762_aligned.jpg,0,0.0013204435817897
1660,test_1661_aligned.jpg,0,0.0013038952602073
381,test_0382_aligned.jpg,0,0.0012950851814821
849,test_0850_aligned.jpg,0,0.0012855607783421
1187,test_1188_aligned.jpg,0,0.0012788935564458
412,test_0413_aligned.jpg,0,0.0012732979375869
1966,test_1967_aligned.jpg,0,0.0012423424050211
674,test_0675_aligned.jpg,0,0.0012411518255248
1339,test_1340_aligned.jpg,0,0.0012106716167181
838,test_0839_aligned.jpg,0,0.0011985269375145
324,test_0325_aligned.jpg,0,0.0011976935202255
1961,test_1962_aligned.jpg,0,0.0011882871622219
1518,test_1519_aligned.jpg,0,0.0011856677010655
2239,test_2240_aligned.jpg,1,8.828307151794434
2251,test_2252_aligned.jpg,1,7.7715959548950195
2301,test_2302_aligned.jpg,1,7.251060009002685
2259,test_2260_aligned.jpg,1,6.4774675369262695
273,test_0274_aligned.jpg,1,6.319210529327393
2238,test_2239_aligned.jpg,1,5.021900177001953
2253,test_2254_aligned.jpg,1,4.462596416473389
2269,test_2270_aligned.jpg,1,4.165699481964111
2254,test_2255_aligned.jpg,1,3.640291929244995
376,test_0377_aligned.jpg,1,3.606070756912231
2295,test_2296_aligned.jpg,1,3.5488154888153076
2260,test_2261_aligned.jpg,1,3.5482382774353027
858,test_0859_aligned.jpg,1,2.7344863414764404
2267,test_2268_aligned.jpg,1,2.5860884189605713
2268,test_2269_aligned.jpg,1,2.168877124786377
2249,test_2250_aligned.jpg,1,1.881745457649231
2297,test_2298_aligned.jpg,1,1.823631763458252
2246,test_2247_aligned.jpg,1,1.7914276123046875
2265,test_2266_aligned.jpg,1,1.4329204559326172
2302,test_2303_aligned.jpg,1,1.2607276439666748
2242,test_2243_aligned.jpg,1,1.1175607442855835
2256,test_2257_aligned.jpg,1,1.0793962478637695
2244,test_2245_aligned.jpg,1,0.638540506362915
2250,test_2251_aligned.jpg,1,0.6286258101463318
2257,test_2258_aligned.jpg,1,0.4088121354579925
2247,test_2248_aligned.jpg,1,0.386651337146759
2296,test_2297_aligned.jpg,1,0.2267841547727584
2299,test_2300_aligned.jpg,1,0.0964369624853134
2298,test_2299_aligned.jpg,1,0.0678253546357154
2237,test_2238_aligned.jpg,1,0.0666136741638183
1568,test_1569_aligned.jpg,1,0.043295968323946
2255,test_2256_aligned.jpg,1,0.0370419323444366
2252,test_2253_aligned.jpg,1,0.0321573987603187
2245,test_2246_aligned.jpg,1,0.0198208410292863
2300,test_2301_aligned.jpg,1,0.0173927322030067
1791,test_1792_aligned.jpg,1,0.0138308936730027
2266,test_2267_aligned.jpg,1,0.0118573848158121
2262,test_2263_aligned.jpg,1,0.0106825409457087
2291,test_2292_aligned.jpg,1,0.009540912695229
2241,test_2242_aligned.jpg,1,0.0091259032487869
2240,test_2241_aligned.jpg,1,0.007658761460334
2282,test_2283_aligned.jpg,1,0.0069542746059596
2263,test_2264_aligned.jpg,1,0.0047864620573818
2279,test_2280_aligned.jpg,1,0.0040747243911027
2272,test_2273_aligned.jpg,1,0.0040414808318018
2281,test_2282_aligned.jpg,1,0.0036898641847074
2248,test_2249_aligned.jpg,1,0.0031793781090527
2270,test_2271_aligned.jpg,1,0.0028125988319516
2284,test_2285_aligned.jpg,1,0.0025538944173604
2285,test_2286_aligned.jpg,1,0.0023805156815797
2286,test_2287_aligned.jpg,1,0.0022787100169807
2275,test_2276_aligned.jpg,1,0.0022775204852223
2261,test_2262_aligned.jpg,1,0.0022525433450937
2294,test_2295_aligned.jpg,1,0.002210556063801
2258,test_2259_aligned.jpg,1,0.0021759422961622
2293,test_2294_aligned.jpg,1,0.0020937442313879
2276,test_2277_aligned.jpg,1,0.0019338493002578
2292,test_2293_aligned.jpg,1,0.0018459199927747
2283,test_2284_aligned.jpg,1,0.0018291423330083
2278,test_2279_aligned.jpg,1,0.001827833475545
2271,test_2272_aligned.jpg,1,0.0018249776912853
2289,test_2290_aligned.jpg,1,0.0016495682066306
2243,test_2244_aligned.jpg,1,0.0016233850037679
2264,test_2265_aligned.jpg,1,0.0015950588276609
1787,test_1788_aligned.jpg,1,0.0015534012345597
2287,test_2288_aligned.jpg,1,0.0014610340585932
2288,test_2289_aligned.jpg,1,0.001441154978238
2274,test_2275_aligned.jpg,1,0.0014310367405414
2290,test_2291_aligned.jpg,1,0.0013424679636955
622,test_0623_aligned.jpg,1,0.0013397298753261
2280,test_2281_aligned.jpg,1,0.0012359131360426
2273,test_2274_aligned.jpg,1,0.0012357940431684
2277,test_2278_aligned.jpg,1,0.001225673709996
1476,test_1477_aligned.jpg,1,0.0012205539969727
431,test_0432_aligned.jpg,2,9.013312339782717
1034,test_1035_aligned.jpg,2,6.448785781860352
2153,test_2154_aligned.jpg,2,5.194492340087891
1017,test_1018_aligned.jpg,2,5.039103984832764
2354,test_2355_aligned.jpg,2,5.0308146476745605
2355,test_2356_aligned.jpg,2,4.570313930511475
2306,test_2307_aligned.jpg,2,4.302715301513672
1989,test_1990_aligned.jpg,2,4.22261381149292
2326,test_2327_aligned.jpg,2,4.031895160675049
2347,test_2348_aligned.jpg,2,4.020508289337158
2033,test_2034_aligned.jpg,2,3.801821708679199
2325,test_2326_aligned.jpg,2,2.9929068088531494
2305,test_2306_aligned.jpg,2,2.5681629180908203
2364,test_2365_aligned.jpg,2,2.530384063720703
1532,test_1533_aligned.jpg,2,2.525547742843628
1778,test_1779_aligned.jpg,2,2.351149797439575
2322,test_2323_aligned.jpg,2,2.328805446624756
145,test_0146_aligned.jpg,2,1.7276676893234253
1626,test_1627_aligned.jpg,2,1.384895086288452
2379,test_2380_aligned.jpg,2,1.3555139303207395
2361,test_2362_aligned.jpg,2,1.353846311569214
2323,test_2324_aligned.jpg,2,1.2353503704071045
2212,test_2213_aligned.jpg,2,1.2216050624847412
2324,test_2325_aligned.jpg,2,1.2159621715545654
959,test_0960_aligned.jpg,2,1.1502749919891355
1038,test_1039_aligned.jpg,2,0.9997267723083496
262,test_0263_aligned.jpg,2,0.8478748202323914
2358,test_2359_aligned.jpg,2,0.8196511268615723
2314,test_2315_aligned.jpg,2,0.743316650390625
147,test_0148_aligned.jpg,2,0.7278050184249878
2336,test_2337_aligned.jpg,2,0.6514798998832703
2329,test_2330_aligned.jpg,2,0.6147899627685547
904,test_0905_aligned.jpg,2,0.5813843011856079
2158,test_2159_aligned.jpg,2,0.5802968144416809
2356,test_2357_aligned.jpg,2,0.5504403114318848
2373,test_2374_aligned.jpg,2,0.4474940896034241
2352,test_2353_aligned.jpg,2,0.3787454664707184
2330,test_2331_aligned.jpg,2,0.3746234774589538
2317,test_2318_aligned.jpg,2,0.3540579080581665
2328,test_2329_aligned.jpg,2,0.3099172115325928
2345,test_2346_aligned.jpg,2,0.2096749246120453
1911,test_1912_aligned.jpg,2,0.1711097359657287
2036,test_2037_aligned.jpg,2,0.1672443598508834
1987,test_1988_aligned.jpg,2,0.1593696177005767
2386,test_2387_aligned.jpg,2,0.1554355472326278
2351,test_2352_aligned.jpg,2,0.1538116633892059
2315,test_2316_aligned.jpg,2,0.1358214020729065
2338,test_2339_aligned.jpg,2,0.1317278891801834
2337,test_2338_aligned.jpg,2,0.1265661567449569
2339,test_2340_aligned.jpg,2,0.1026635617017746
2363,test_2364_aligned.jpg,2,0.0994069352746009
1554,test_1555_aligned.jpg,2,0.092863529920578
2341,test_2342_aligned.jpg,2,0.0912647321820259
2335,test_2336_aligned.jpg,2,0.0882634595036506
2362,test_2363_aligned.jpg,2,0.0815880447626113
2381,test_2382_aligned.jpg,2,0.0786233320832252
2372,test_2373_aligned.jpg,2,0.0748310387134552
1091,test_1092_aligned.jpg,2,0.0726518854498863
1953,test_1954_aligned.jpg,2,0.0689971819519996
2367,test_2368_aligned.jpg,2,0.0673412382602691
2359,test_2360_aligned.jpg,2,0.0669671595096588
2371,test_2372_aligned.jpg,2,0.0622382834553718
1388,test_1389_aligned.jpg,2,0.0620043650269508
2384,test_2385_aligned.jpg,2,0.0599453747272491
2349,test_2350_aligned.jpg,2,0.0580390691757202
2334,test_2335_aligned.jpg,2,0.056592334061861
2348,test_2349_aligned.jpg,2,0.0554412864148616
1269,test_1270_aligned.jpg,2,0.0541194193065166
1098,test_1099_aligned.jpg,2,0.0540576465427875
1962,test_1963_aligned.jpg,2,0.0535634271800518
2310,test_2311_aligned.jpg,2,0.0504420176148414
1679,test_1680_aligned.jpg,2,0.0378777533769607
2353,test_2354_aligned.jpg,2,0.0362853147089481
2370,test_2371_aligned.jpg,2,0.0312167238444089
280,test_0281_aligned.jpg,2,0.0283594820648431
1002,test_1003_aligned.jpg,2,0.0276025235652923
356,test_0357_aligned.jpg,2,0.0275989286601543
2342,test_2343_aligned.jpg,2,0.0262843072414398
803,test_0804_aligned.jpg,2,0.0229819566011428
2385,test_2386_aligned.jpg,2,0.0214567296206951
342,test_0343_aligned.jpg,2,0.0206763111054897
733,test_0734_aligned.jpg,2,0.0204784832894802
638,test_0639_aligned.jpg,2,0.0180318355560302
1040,test_1041_aligned.jpg,2,0.0158575419336557
2312,test_2313_aligned.jpg,2,0.0157037042081356
2365,test_2366_aligned.jpg,2,0.0156738962978124
2383,test_2384_aligned.jpg,2,0.0138975549489259
282,test_0283_aligned.jpg,2,0.0134794097393751
2377,test_2378_aligned.jpg,2,0.0133830793201923
2319,test_2320_aligned.jpg,2,0.0129076456651091
80,test_0081_aligned.jpg,2,0.0122559545561671
2340,test_2341_aligned.jpg,2,0.0116233984008431
1389,test_1390_aligned.jpg,2,0.0107990615069866
2308,test_2309_aligned.jpg,2,0.0107842022553086
2369,test_2370_aligned.jpg,2,0.0107497666031122
171,test_0172_aligned.jpg,2,0.0103723043575882
2343,test_2344_aligned.jpg,2,0.0097152981907129
2360,test_2361_aligned.jpg,2,0.0097150616347789
1167,test_1168_aligned.jpg,2,0.0096110487356781
2304,test_2305_aligned.jpg,2,0.0095366621389985
2387,test_2388_aligned.jpg,2,0.0093502001836895
1237,test_1238_aligned.jpg,2,0.0091573242098093
1236,test_1237_aligned.jpg,2,0.0088469684123992
1005,test_1006_aligned.jpg,2,0.0087633077055215
913,test_0914_aligned.jpg,2,0.0086814127862453
1623,test_1624_aligned.jpg,2,0.0085670091211795
2368,test_2369_aligned.jpg,2,0.0081212064251303
773,test_0774_aligned.jpg,2,0.0079716155305504
2376,test_2377_aligned.jpg,2,0.0072239153087139
639,test_0640_aligned.jpg,2,0.0071364496834576
1865,test_1866_aligned.jpg,2,0.0066413390450179
2375,test_2376_aligned.jpg,2,0.0065417429432272
2382,test_2383_aligned.jpg,2,0.0065220827236771
2357,test_2358_aligned.jpg,2,0.0058587491512298
6,test_0007_aligned.jpg,2,0.0056334305554628
2380,test_2381_aligned.jpg,2,0.0056237103417515
2309,test_2310_aligned.jpg,2,0.0053257727995514
2311,test_2312_aligned.jpg,2,0.0053236386738717
2303,test_2304_aligned.jpg,2,0.0052693290635943
2318,test_2319_aligned.jpg,2,0.005111364647746
1954,test_1955_aligned.jpg,2,0.005086694844067
2366,test_2367_aligned.jpg,2,0.004803308751434
1883,test_1884_aligned.jpg,2,0.0047858688049018
1047,test_1048_aligned.jpg,2,0.0047636828385293
2333,test_2334_aligned.jpg,2,0.0047184792347252
2321,test_2322_aligned.jpg,2,0.0044466191902756
2378,test_2379_aligned.jpg,2,0.0043997392058372
279,test_0280_aligned.jpg,2,0.0043195043690502
2350,test_2351_aligned.jpg,2,0.0042706006206572
1652,test_1653_aligned.jpg,2,0.0040455176495015
2332,test_2333_aligned.jpg,2,0.0038499536458402
1992,test_1993_aligned.jpg,2,0.0037423591129481
2344,test_2345_aligned.jpg,2,0.0035816587042063
10,test_0011_aligned.jpg,2,0.0034338815603405
1670,test_1671_aligned.jpg,2,0.0034256842918694
2327,test_2328_aligned.jpg,2,0.0033400245010852
2331,test_2332_aligned.jpg,2,0.0033040239941328
1026,test_1027_aligned.jpg,2,0.0031856761779636
148,test_0149_aligned.jpg,2,0.0031846067868173
934,test_0935_aligned.jpg,2,0.0031728425528854
17,test_0018_aligned.jpg,2,0.0031633358448743
899,test_0900_aligned.jpg,2,0.0031480062752962
2307,test_2308_aligned.jpg,2,0.0031457485165446
2213,test_2214_aligned.jpg,2,0.0031078394968062
1510,test_1511_aligned.jpg,2,0.0030452092178165
2346,test_2347_aligned.jpg,2,0.0030226279050111
2320,test_2321_aligned.jpg,2,0.0029936281498521
1851,test_1852_aligned.jpg,2,0.0028811870142817
2374,test_2375_aligned.jpg,2,0.0028789285570383
1957,test_1958_aligned.jpg,2,0.0028420791495591
939,test_0940_aligned.jpg,2,0.0027499499265104
1303,test_1304_aligned.jpg,2,0.0026479440275579
2313,test_2314_aligned.jpg,2,0.0025913489516824
1812,test_1813_aligned.jpg,2,0.0025868306402117
1934,test_1935_aligned.jpg,2,0.0024908727500587
1109,test_1110_aligned.jpg,2,0.0024527010973542
1598,test_1599_aligned.jpg,2,0.0023893162142485
1890,test_1891_aligned.jpg,2,0.0023187911137938
2316,test_2317_aligned.jpg,2,0.0022256621159613
419,test_0420_aligned.jpg,2,0.0020531781483441
465,test_0466_aligned.jpg,3,8.508305549621582
1283,test_1284_aligned.jpg,3,8.277447700500488
1891,test_1892_aligned.jpg,3,6.294296741485596
2095,test_2096_aligned.jpg,3,6.109804153442383
1718,test_1719_aligned.jpg,3,6.028223991394043
117,test_0118_aligned.jpg,3,5.648270606994629
53,test_0054_aligned.jpg,3,5.499197006225586
1455,test_1456_aligned.jpg,3,5.259059429168701
537,test_0538_aligned.jpg,3,5.117617607116699
1454,test_1455_aligned.jpg,3,4.6910176277160645
1777,test_1778_aligned.jpg,3,4.162912845611572
648,test_0649_aligned.jpg,3,4.05096435546875
1242,test_1243_aligned.jpg,3,3.9790875911712646
2084,test_2085_aligned.jpg,3,3.81339955329895
2078,test_2079_aligned.jpg,3,3.765683174133301
1324,test_1325_aligned.jpg,3,3.2299766540527344
2014,test_2015_aligned.jpg,3,2.9582479000091553
395,test_0396_aligned.jpg,3,2.9453020095825195
581,test_0582_aligned.jpg,3,2.679828405380249
1517,test_1518_aligned.jpg,3,2.4842662811279297
1116,test_1117_aligned.jpg,3,2.2831170558929443
1289,test_1290_aligned.jpg,3,2.196808099746704
667,test_0668_aligned.jpg,3,2.1075854301452637
2093,test_2094_aligned.jpg,3,1.9713428020477295
574,test_0575_aligned.jpg,3,1.572306990623474
1298,test_1299_aligned.jpg,3,1.4348199367523191
2207,test_2208_aligned.jpg,3,1.4049874544143677
1675,test_1676_aligned.jpg,3,1.3848618268966677
1843,test_1844_aligned.jpg,3,1.3239036798477173
2081,test_2082_aligned.jpg,3,1.2945791482925415
1256,test_1257_aligned.jpg,3,1.1291937828063965
2140,test_2141_aligned.jpg,3,1.0206464529037476
43,test_0044_aligned.jpg,3,0.9811232686042786
130,test_0131_aligned.jpg,3,0.8360153436660767
363,test_0364_aligned.jpg,3,0.7656453251838684
382,test_0383_aligned.jpg,3,0.7589921355247498
495,test_0496_aligned.jpg,3,0.7456937432289124
2052,test_2053_aligned.jpg,3,0.7408608794212341
1228,test_1229_aligned.jpg,3,0.6539047360420227
1015,test_1016_aligned.jpg,3,0.6515865325927734
27,test_0028_aligned.jpg,3,0.5914291739463806
1692,test_1693_aligned.jpg,3,0.5062403082847595
1307,test_1308_aligned.jpg,3,0.5031244158744812
115,test_0116_aligned.jpg,3,0.4902709126472473
1207,test_1208_aligned.jpg,3,0.4833520948886871
337,test_0338_aligned.jpg,3,0.4331502616405487
1174,test_1175_aligned.jpg,3,0.3855070471763611
898,test_0899_aligned.jpg,3,0.3150894939899444
1657,test_1658_aligned.jpg,3,0.2802529335021972
2119,test_2120_aligned.jpg,3,0.2547902166843414
366,test_0367_aligned.jpg,3,0.2402181178331375
1990,test_1991_aligned.jpg,3,0.2330895811319351
1500,test_1501_aligned.jpg,3,0.2317823767662048
1786,test_1787_aligned.jpg,3,0.1967521607875824
768,test_0769_aligned.jpg,3,0.1856958866119384
109,test_0110_aligned.jpg,3,0.1590000540018081
51,test_0052_aligned.jpg,3,0.1469325572252273
76,test_0077_aligned.jpg,3,0.1402543932199478
2214,test_2215_aligned.jpg,3,0.1273555159568786
1025,test_1026_aligned.jpg,3,0.1251281052827835
455,test_0456_aligned.jpg,3,0.1198979541659355
1939,test_1940_aligned.jpg,3,0.1109366416931152
995,test_0996_aligned.jpg,3,0.0975270941853523
2,test_0003_aligned.jpg,3,0.0970989093184471
104,test_0105_aligned.jpg,3,0.096108041703701
1386,test_1387_aligned.jpg,3,0.0910882279276847
127,test_0128_aligned.jpg,3,0.08326006680727
1918,test_1919_aligned.jpg,3,0.0821779742836952
1539,test_1540_aligned.jpg,3,0.0713106319308281
2128,test_2129_aligned.jpg,3,0.0667896494269371
905,test_0906_aligned.jpg,3,0.064565397799015
457,test_0458_aligned.jpg,3,0.0643323585391044
1593,test_1594_aligned.jpg,3,0.0631327778100967
2062,test_2063_aligned.jpg,3,0.062464527785778
1595,test_1596_aligned.jpg,3,0.0615478008985519
1531,test_1532_aligned.jpg,3,0.0607401765882968
1196,test_1197_aligned.jpg,3,0.0588458403944969
2161,test_2162_aligned.jpg,3,0.0583648905158042
1694,test_1695_aligned.jpg,3,0.0581830404698848
1506,test_1507_aligned.jpg,3,0.0563268959522247
983,test_0984_aligned.jpg,3,0.0562708899378776
1309,test_1310_aligned.jpg,3,0.049746286123991
1553,test_1554_aligned.jpg,3,0.0456057973206043
1382,test_1383_aligned.jpg,3,0.0417880564928054
1894,test_1895_aligned.jpg,3,0.0407187268137931
1110,test_1111_aligned.jpg,3,0.0393464118242263
424,test_0425_aligned.jpg,3,0.0367749296128749
1988,test_1989_aligned.jpg,3,0.0340410508215427
2232,test_2233_aligned.jpg,3,0.0334840416908264
1188,test_1189_aligned.jpg,3,0.0309331342577934
100,test_0101_aligned.jpg,3,0.0307998638600111
1387,test_1388_aligned.jpg,3,0.0298804715275764
564,test_0565_aligned.jpg,3,0.0295061133801937
1401,test_1402_aligned.jpg,3,0.0290548428893089
976,test_0977_aligned.jpg,3,0.0222458653151989
2083,test_2084_aligned.jpg,3,0.0214574299752712
1129,test_1130_aligned.jpg,3,0.02071881480515
259,test_0260_aligned.jpg,3,0.0192736238241195
2038,test_2039_aligned.jpg,3,0.0187843702733516
2135,test_2136_aligned.jpg,3,0.0177303124219179
804,test_0805_aligned.jpg,3,0.0172501448541879
1582,test_1583_aligned.jpg,3,0.0165781807154417
1463,test_1464_aligned.jpg,3,0.013566087000072
1046,test_1047_aligned.jpg,3,0.0132182743400335
2184,test_2185_aligned.jpg,3,0.0128537472337484
583,test_0584_aligned.jpg,3,0.0125880921259522
2139,test_2140_aligned.jpg,3,0.0110835833474993
249,test_0250_aligned.jpg,3,0.0105821667239069
78,test_0079_aligned.jpg,3,0.0105266086757183
1361,test_1362_aligned.jpg,3,0.0103625115007162
1043,test_1044_aligned.jpg,3,0.0101042194291949
1356,test_1357_aligned.jpg,3,0.0098071424290537
1158,test_1159_aligned.jpg,3,0.0097615756094455
779,test_0780_aligned.jpg,3,0.0096012484282255
878,test_0879_aligned.jpg,3,0.0095327654853463
1840,test_1841_aligned.jpg,3,0.0092307934537529
1513,test_1514_aligned.jpg,3,0.0089237689971923
480,test_0481_aligned.jpg,3,0.0088878506794571
483,test_0484_aligned.jpg,3,0.0088798161596059
2151,test_2152_aligned.jpg,3,0.0088642193004488
256,test_0257_aligned.jpg,3,0.0087787881493568
724,test_0725_aligned.jpg,3,0.0083840312436223
1208,test_1209_aligned.jpg,3,0.0078539373353123
2097,test_2098_aligned.jpg,3,0.0071965758688747
1229,test_1230_aligned.jpg,3,0.0070411642082035
2008,test_2009_aligned.jpg,3,0.006921955384314
961,test_0962_aligned.jpg,3,0.0068770861253142
2113,test_2114_aligned.jpg,3,0.0067339395172894
777,test_0778_aligned.jpg,3,0.0066615887917578
2211,test_2212_aligned.jpg,3,0.0065582045353949
1350,test_1351_aligned.jpg,3,0.006189227104187
2107,test_2108_aligned.jpg,3,0.0060482332482934
1634,test_1635_aligned.jpg,3,0.0057742455974221
1958,test_1959_aligned.jpg,3,0.0057142712175846
2031,test_2032_aligned.jpg,3,0.0055838800035417
1254,test_1255_aligned.jpg,3,0.0055830501951277
1691,test_1692_aligned.jpg,3,0.0055195074528455
111,test_0112_aligned.jpg,3,0.0052223694510757
158,test_0159_aligned.jpg,3,0.0051904683932662
1099,test_1100_aligned.jpg,3,0.0051701888442039
2196,test_2197_aligned.jpg,3,0.0049846898764371
460,test_0461_aligned.jpg,3,0.0046237935312092
323,test_0324_aligned.jpg,3,0.0044075725600123
1557,test_1558_aligned.jpg,3,0.0043679308146238
329,test_0330_aligned.jpg,3,0.0043646078556776
1640,test_1641_aligned.jpg,3,0.0043472787365317
121,test_0122_aligned.jpg,3,0.0043298308737576
714,test_0715_aligned.jpg,3,0.0042974269017577
67,test_0068_aligned.jpg,3,0.0042429431341588
1485,test_1486_aligned.jpg,3,0.0039385380223393
979,test_0980_aligned.jpg,3,0.0038647972978651
2202,test_2203_aligned.jpg,3,0.0035483988467603
19,test_0020_aligned.jpg,3,0.0035114553757011
1666,test_1667_aligned.jpg,3,0.0034644128754734
1521,test_1522_aligned.jpg,3,0.0034498006571084
2167,test_2168_aligned.jpg,3,0.0033881422132253
2127,test_2128_aligned.jpg,3,0.0033673509024083
1490,test_1491_aligned.jpg,3,0.0033167372457683
1501,test_1502_aligned.jpg,3,0.0032339200843125
966,test_0967_aligned.jpg,3,0.0031874587293714
251,test_0252_aligned.jpg,3,0.003143253037706
786,test_0787_aligned.jpg,3,0.0030724245589226
571,test_0572_aligned.jpg,3,0.0030607779044657
1707,test_1708_aligned.jpg,3,0.0030252425931394
789,test_0790_aligned.jpg,3,0.00298637826927
1251,test_1252_aligned.jpg,3,0.0029719967860728
59,test_0060_aligned.jpg,3,0.0028855851851403
1427,test_1428_aligned.jpg,3,0.0028246049769222
434,test_0435_aligned.jpg,3,0.0027877537067979
378,test_0379_aligned.jpg,3,0.0027499499265104
77,test_0078_aligned.jpg,3,0.0027438870165497
2152,test_2153_aligned.jpg,3,0.002728194463998
524,test_0525_aligned.jpg,3,0.0027255788445472
729,test_0730_aligned.jpg,3,0.0027000184636563
2000,test_2001_aligned.jpg,3,0.0026807582471519
2165,test_2166_aligned.jpg,3,0.0026238083373755
700,test_0701_aligned.jpg,3,0.0025876630097627
1224,test_1225_aligned.jpg,3,0.0025701844133436
474,test_0475_aligned.jpg,3,0.0025329669006168
1864,test_1865_aligned.jpg,3,0.0024983643088489
425,test_0426_aligned.jpg,3,0.0024849271867424
119,test_0120_aligned.jpg,3,0.0024410469923168
2143,test_2144_aligned.jpg,3,0.0024169061798602
1897,test_1898_aligned.jpg,3,0.002416192786768
1225,test_1226_aligned.jpg,3,0.0024032301735132
156,test_0157_aligned.jpg,3,0.0024015652015805
2180,test_2181_aligned.jpg,3,0.0023070168681442
1559,test_1560_aligned.jpg,3,0.0022810886148363
1498,test_1499_aligned.jpg,3,0.0022393406834453
2111,test_2112_aligned.jpg,3,0.002234464045614
2115,test_2116_aligned.jpg,3,0.0021966393105685
1748,test_1749_aligned.jpg,3,0.0021727306302636
2063,test_2064_aligned.jpg,3,0.002167853526771
1700,test_1701_aligned.jpg,3,0.0020948150195181
1635,test_1636_aligned.jpg,3,0.0020515127107501
2003,test_2004_aligned.jpg,3,0.0020429471042007
886,test_0887_aligned.jpg,3,0.0020128483884036
1112,test_1113_aligned.jpg,3,0.0019867937080562
870,test_0871_aligned.jpg,3,0.0018519884906709
1297,test_1298_aligned.jpg,3,0.0017877324717119
1562,test_1563_aligned.jpg,4,7.6530561447143555
1480,test_1481_aligned.jpg,4,7.267452239990234
1583,test_1584_aligned.jpg,4,5.551939487457275
1173,test_1174_aligned.jpg,4,5.383016109466553
2076,test_2077_aligned.jpg,4,5.157110214233398
1951,test_1952_aligned.jpg,4,4.983239650726318
1734,test_1735_aligned.jpg,4,4.809267520904541
605,test_0606_aligned.jpg,4,4.730653285980225
228,test_0229_aligned.jpg,4,4.686661720275879
347,test_0348_aligned.jpg,4,4.558248519897461
1094,test_1095_aligned.jpg,4,4.510778427124023
1035,test_1036_aligned.jpg,4,4.394986629486084
1278,test_1279_aligned.jpg,4,4.371664047241211
61,test_0062_aligned.jpg,4,4.365571022033691
1662,test_1663_aligned.jpg,4,4.2923970222473145
1424,test_1425_aligned.jpg,4,4.181336879730225
1687,test_1688_aligned.jpg,4,4.119647979736328
2210,test_2211_aligned.jpg,4,4.0299973487854
506,test_0507_aligned.jpg,4,3.7964189052581783
1747,test_1748_aligned.jpg,4,3.593654155731201
2053,test_2054_aligned.jpg,4,3.4000041484832764
916,test_0917_aligned.jpg,4,3.295454978942871
38,test_0039_aligned.jpg,4,3.19364857673645
2141,test_2142_aligned.jpg,4,3.136866807937622
967,test_0968_aligned.jpg,4,3.0752499103546143
2194,test_2195_aligned.jpg,4,3.0550527572631836
2065,test_2066_aligned.jpg,4,2.9774210453033447
170,test_0171_aligned.jpg,4,2.9340755939483643
1041,test_1042_aligned.jpg,4,2.9082260131835938
1823,test_1824_aligned.jpg,4,2.8205552101135254
1123,test_1124_aligned.jpg,4,2.6973278522491455
915,test_0916_aligned.jpg,4,2.5948359966278076
1715,test_1716_aligned.jpg,4,2.5150628089904785
1656,test_1657_aligned.jpg,4,2.427274703979492
1065,test_1066_aligned.jpg,4,2.344787120819092
964,test_0965_aligned.jpg,4,2.240236282348633
318,test_0319_aligned.jpg,4,2.2090797424316406
2096,test_2097_aligned.jpg,4,2.0127551555633545
1493,test_1494_aligned.jpg,4,1.95046067237854
1223,test_1224_aligned.jpg,4,1.8909525871276855
1797,test_1798_aligned.jpg,4,1.6585137844085691
1186,test_1187_aligned.jpg,4,1.5185292959213257
1325,test_1326_aligned.jpg,4,1.5163506269454956
1928,test_1929_aligned.jpg,4,1.3730268478393557
1138,test_1139_aligned.jpg,4,1.3158490657806396
5,test_0006_aligned.jpg,4,1.0978012084960938
155,test_0156_aligned.jpg,4,0.9999225735664368
1048,test_1049_aligned.jpg,4,0.9617136716842652
1614,test_1615_aligned.jpg,4,0.9480634927749634
1396,test_1397_aligned.jpg,4,0.928845763206482
2168,test_2169_aligned.jpg,4,0.893102765083313
1023,test_1024_aligned.jpg,4,0.7561946511268616
2004,test_2005_aligned.jpg,4,0.7550396919250488
1435,test_1436_aligned.jpg,4,0.740645170211792
718,test_0719_aligned.jpg,4,0.6945943832397461
1636,test_1637_aligned.jpg,4,0.6463136672973633
1757,test_1758_aligned.jpg,4,0.6418704390525818
2101,test_2102_aligned.jpg,4,0.6153551340103149
2123,test_2124_aligned.jpg,4,0.5538629293441772
30,test_0031_aligned.jpg,4,0.5009884834289551
1473,test_1474_aligned.jpg,4,0.4568459987640381
1140,test_1141_aligned.jpg,4,0.4094832837581634
1130,test_1131_aligned.jpg,4,0.3805783092975616
1157,test_1158_aligned.jpg,4,0.3628905713558197
1376,test_1377_aligned.jpg,4,0.3441714346408844
23,test_0024_aligned.jpg,4,0.3112295269966125
1960,test_1961_aligned.jpg,4,0.2726299166679382
1710,test_1711_aligned.jpg,4,0.2673420011997223
1292,test_1293_aligned.jpg,4,0.256264716386795
1663,test_1664_aligned.jpg,4,0.2183325439691543
930,test_0931_aligned.jpg,4,0.2055251002311706
84,test_0085_aligned.jpg,4,0.2022146433591842
1007,test_1008_aligned.jpg,4,0.1937586516141891
1585,test_1586_aligned.jpg,4,0.1875062584877014
1714,test_1715_aligned.jpg,4,0.1862672865390777
1211,test_1212_aligned.jpg,4,0.1578090190887451
1871,test_1872_aligned.jpg,4,0.1563388705253601
1881,test_1882_aligned.jpg,4,0.1467975229024887
1638,test_1639_aligned.jpg,4,0.1417140066623687
1460,test_1461_aligned.jpg,4,0.1354960203170776
1534,test_1535_aligned.jpg,4,0.1313119083642959
771,test_0772_aligned.jpg,4,0.1234811842441558
951,test_0952_aligned.jpg,4,0.119157500565052
1348,test_1349_aligned.jpg,4,0.1014050766825676
1620,test_1621_aligned.jpg,4,0.1013324707746505
1948,test_1949_aligned.jpg,4,0.0915771946310997
1227,test_1228_aligned.jpg,4,0.08980243653059
1842,test_1843_aligned.jpg,4,0.0868979692459106
1753,test_1754_aligned.jpg,4,0.0807726979255676
2016,test_2017_aligned.jpg,4,0.0738996714353561
1942,test_1943_aligned.jpg,4,0.0715517029166221
1872,test_1873_aligned.jpg,4,0.0705294087529182
102,test_0103_aligned.jpg,4,0.0675050467252731
1546,test_1547_aligned.jpg,4,0.0626546740531921
1621,test_1622_aligned.jpg,4,0.0607083179056644
1735,test_1736_aligned.jpg,4,0.0580938495695591
469,test_0470_aligned.jpg,4,0.0571809820830822
1064,test_1065_aligned.jpg,4,0.0538952313363552
2190,test_2191_aligned.jpg,4,0.051657810807228
990,test_0991_aligned.jpg,4,0.0451052188873291
388,test_0389_aligned.jpg,4,0.0443346090614795
161,test_0162_aligned.jpg,4,0.0438700169324874
2112,test_2113_aligned.jpg,4,0.0432452782988548
1247,test_1248_aligned.jpg,4,0.0410763248801231
1809,test_1810_aligned.jpg,4,0.0404837243258953
1245,test_1246_aligned.jpg,4,0.0395927913486957
844,test_0845_aligned.jpg,4,0.0379201062023639
592,test_0593_aligned.jpg,4,0.0354929156601429
1271,test_1272_aligned.jpg,4,0.0352508164942264
1371,test_1372_aligned.jpg,4,0.0351426377892494
1645,test_1646_aligned.jpg,4,0.0346757099032402
88,test_0089_aligned.jpg,4,0.0344414748251438
1197,test_1198_aligned.jpg,4,0.0338861867785453
949,test_0950_aligned.jpg,4,0.0325594991445541
48,test_0049_aligned.jpg,4,0.0323913618922233
1381,test_1382_aligned.jpg,4,0.032288409769535
2156,test_2157_aligned.jpg,4,0.0320010855793952
936,test_0937_aligned.jpg,4,0.0241567604243755
1746,test_1747_aligned.jpg,4,0.0238007381558418
1597,test_1598_aligned.jpg,4,0.0226929932832717
1565,test_1566_aligned.jpg,4,0.0220713205635547
1612,test_1613_aligned.jpg,4,0.0220247935503721
2021,test_2022_aligned.jpg,4,0.022024093195796
1305,test_1306_aligned.jpg,4,0.0219226349145174
1853,test_1854_aligned.jpg,4,0.0203070174902677
99,test_0100_aligned.jpg,4,0.0200156439095735
159,test_0160_aligned.jpg,4,0.0199682023376226
1452,test_1453_aligned.jpg,4,0.019230356439948
1908,test_1909_aligned.jpg,4,0.0186884328722953
1674,test_1675_aligned.jpg,4,0.0181979574263095
1120,test_1121_aligned.jpg,4,0.0172452237457036
690,test_0691_aligned.jpg,4,0.0162742249667644
1817,test_1818_aligned.jpg,4,0.0156724881380796
946,test_0947_aligned.jpg,4,0.0153857478871941
2049,test_2050_aligned.jpg,4,0.015171724371612
1788,test_1789_aligned.jpg,4,0.0151693765074014
400,test_0401_aligned.jpg,4,0.015073443762958
1347,test_1348_aligned.jpg,4,0.0135462116450071
106,test_0107_aligned.jpg,4,0.0133332060649991
1936,test_1937_aligned.jpg,4,0.0129709560424089
163,test_0164_aligned.jpg,4,0.0122288698330521
1661,test_1662_aligned.jpg,4,0.0122013138607144
1103,test_1104_aligned.jpg,4,0.0121849440038204
1850,test_1851_aligned.jpg,4,0.0121698705479502
1314,test_1315_aligned.jpg,4,0.0118043711408972
948,test_0949_aligned.jpg,4,0.0105996243655681
2216,test_2217_aligned.jpg,4,0.0104465102776885
2116,test_2117_aligned.jpg,4,0.0103574385866522
277,test_0278_aligned.jpg,4,0.0100014265626668
1633,test_1634_aligned.jpg,4,0.0099786482751369
327,test_0328_aligned.jpg,4,0.0095276879146695
94,test_0095_aligned.jpg,4,0.0092017371207475
2208,test_2209_aligned.jpg,4,0.0091752791777253
335,test_0336_aligned.jpg,4,0.0090999146923422
2187,test_2188_aligned.jpg,4,0.0089319208636879
1874,test_1875_aligned.jpg,4,0.0088256988674402
1845,test_1846_aligned.jpg,4,0.0087576359510421
1605,test_1606_aligned.jpg,4,0.0083504570648074
1198,test_1199_aligned.jpg,4,0.0082026738673448
2051,test_2052_aligned.jpg,4,0.0081528956070542
1220,test_1221_aligned.jpg,4,0.0081046521663665
118,test_0119_aligned.jpg,4,0.0080508487299084
144,test_0145_aligned.jpg,4,0.007942403666675
536,test_0537_aligned.jpg,4,0.0078477868810296
1541,test_1542_aligned.jpg,4,0.0075923930853605
1982,test_1983_aligned.jpg,4,0.0074417758733034
2034,test_2035_aligned.jpg,4,0.0071997712366282
367,test_0368_aligned.jpg,4,0.0071676969528198
890,test_0891_aligned.jpg,4,0.007046372629702
2130,test_2131_aligned.jpg,4,0.0069813840091228
956,test_0957_aligned.jpg,4,0.0069502494297921
1659,test_1660_aligned.jpg,4,0.0067213880829513
1194,test_1195_aligned.jpg,4,0.0064697335474193
1863,test_1864_aligned.jpg,4,0.0060641109012067
1841,test_1842_aligned.jpg,4,0.0060555795207619
386,test_0387_aligned.jpg,4,0.0057095303200185
343,test_0344_aligned.jpg,4,0.0056887869723141
1432,test_1433_aligned.jpg,4,0.0056488406844437
1089,test_1090_aligned.jpg,4,0.0056361570023
1822,test_1823_aligned.jpg,4,0.0056284521706402
512,test_0513_aligned.jpg,4,0.0056167165748775
1766,test_1767_aligned.jpg,4,0.0055770040489733
1141,test_1142_aligned.jpg,4,0.0053326501511037
1315,test_1316_aligned.jpg,4,0.0052677877247333
219,test_0220_aligned.jpg,4,0.0051865549758076
888,test_0889_aligned.jpg,4,0.0051688845269382
1855,test_1856_aligned.jpg,4,0.0050855088047683
2060,test_2061_aligned.jpg,4,0.0050347447395324
935,test_0936_aligned.jpg,4,0.004980775527656
1779,test_1780_aligned.jpg,4,0.0049508837983012
1983,test_1984_aligned.jpg,4,0.0048910970799624
1995,test_1996_aligned.jpg,4,0.0048028342425823
1478,test_1479_aligned.jpg,4,0.0047335471026599
340,test_0341_aligned.jpg,4,0.0047225132584571
2193,test_2194_aligned.jpg,4,0.0046405242756009
1831,test_1832_aligned.jpg,4,0.0045613767579197
875,test_0876_aligned.jpg,4,0.0045390669256448
364,test_0365_aligned.jpg,4,0.0045118913985788
1876,test_1877_aligned.jpg,4,0.0044882749207317
1941,test_1942_aligned.jpg,4,0.0044837654568254
2173,test_2174_aligned.jpg,5,7.832772731781006
747,test_0748_aligned.jpg,5,7.608416557312012
1552,test_1553_aligned.jpg,5,6.297778129577637
1057,test_1058_aligned.jpg,5,5.408401012420654
90,test_0091_aligned.jpg,5,5.1672282218933105
1622,test_1623_aligned.jpg,5,4.300177097320557
2055,test_2056_aligned.jpg,5,3.2647476196289062
1624,test_1625_aligned.jpg,5,3.2403225898742676
584,test_0585_aligned.jpg,5,2.9261999130249023
1189,test_1190_aligned.jpg,5,2.883636951446533
294,test_0295_aligned.jpg,5,2.6280784606933594
1426,test_1427_aligned.jpg,5,2.477031707763672
1304,test_1305_aligned.jpg,5,2.4107348918914795
2108,test_2109_aligned.jpg,5,1.949920892715454
1436,test_1437_aligned.jpg,5,1.2882671356201172
1913,test_1914_aligned.jpg,5,1.261083483695984
1419,test_1420_aligned.jpg,5,1.1412060260772705
1649,test_1650_aligned.jpg,5,1.1411869525909424
1308,test_1309_aligned.jpg,5,0.7966198325157166
1782,test_1783_aligned.jpg,5,0.5794513821601868
243,test_0244_aligned.jpg,5,0.5753647685050964
1313,test_1314_aligned.jpg,5,0.5735837817192078
1335,test_1336_aligned.jpg,5,0.5454797744750977
285,test_0286_aligned.jpg,5,0.4452013075351715
2072,test_2073_aligned.jpg,5,0.4303303956985473
1857,test_1858_aligned.jpg,5,0.3900634348392486
1800,test_1801_aligned.jpg,5,0.3590335547924042
1390,test_1391_aligned.jpg,5,0.2930988669395447
1191,test_1192_aligned.jpg,5,0.2742795348167419
1862,test_1863_aligned.jpg,5,0.1733185350894928
1740,test_1741_aligned.jpg,5,0.1188966259360313
1199,test_1200_aligned.jpg,5,0.0928258299827575
185,test_0186_aligned.jpg,5,0.0798033773899078
1601,test_1602_aligned.jpg,5,0.0743144452571868
1910,test_1911_aligned.jpg,5,0.0737631469964981
1784,test_1785_aligned.jpg,5,0.0508274286985397
982,test_0983_aligned.jpg,5,0.0470652058720588
952,test_0953_aligned.jpg,5,0.045443370938301
852,test_0853_aligned.jpg,5,0.0433041863143444
184,test_0185_aligned.jpg,5,0.0386854670941829
2171,test_2172_aligned.jpg,5,0.0362899117171764
2098,test_2099_aligned.jpg,5,0.0357538200914859
1814,test_1815_aligned.jpg,5,0.034283097833395
2169,test_2170_aligned.jpg,5,0.0332533307373523
1759,test_1760_aligned.jpg,5,0.0287294052541255
1216,test_1217_aligned.jpg,5,0.0261391513049602
1126,test_1127_aligned.jpg,5,0.021790724247694
1642,test_1643_aligned.jpg,5,0.0216179657727479
1412,test_1413_aligned.jpg,5,0.0206395275890827
2100,test_2101_aligned.jpg,5,0.0140568409115076
1878,test_1879_aligned.jpg,5,0.0131887448951601
2056,test_2057_aligned.jpg,5,0.0112907039001584
1790,test_1791_aligned.jpg,5,0.0098556578159332
1600,test_1601_aligned.jpg,5,0.0097047910094261
901,test_0902_aligned.jpg,5,0.0095660630613565
300,test_0301_aligned.jpg,5,0.009445147588849
56,test_0057_aligned.jpg,5,0.00905242562294
1999,test_2000_aligned.jpg,5,0.008886432275176
224,test_0225_aligned.jpg,5,0.0083651160821318
1680,test_1681_aligned.jpg,5,0.007071703672409
1108,test_1109_aligned.jpg,5,0.0069697829894721
1049,test_1050_aligned.jpg,5,0.0067077707499265
1767,test_1768_aligned.jpg,5,0.0060189655050635
985,test_0986_aligned.jpg,5,0.0058260387741029
1384,test_1385_aligned.jpg,5,0.0058022169396281
1625,test_1626_aligned.jpg,5,0.0055457074195146
346,test_0347_aligned.jpg,5,0.005487497895956
1177,test_1178_aligned.jpg,5,0.0051617687568068
1683,test_1684_aligned.jpg,5,0.0051027066074311
1288,test_1289_aligned.jpg,5,0.0045705139636993
394,test_0395_aligned.jpg,5,0.0044562323018908
1495,test_1496_aligned.jpg,5,0.0042527951300144
1885,test_1886_aligned.jpg,5,0.0042484034784138
1584,test_1585_aligned.jpg,5,0.004151654895395
869,test_0870_aligned.jpg,5,0.004135746974498
1293,test_1294_aligned.jpg,5,0.0040544224902987
1262,test_1263_aligned.jpg,5,0.0040351883508265
1470,test_1471_aligned.jpg,5,0.0037638552021235
1006,test_1007_aligned.jpg,5,0.003751978976652
1879,test_1880_aligned.jpg,5,0.0037105299998074
1688,test_1689_aligned.jpg,5,0.0036754929460585
1745,test_1746_aligned.jpg,5,0.003674067556858
908,test_0909_aligned.jpg,5,0.0036516194231808
1512,test_1513_aligned.jpg,5,0.0036020891275256
1486,test_1487_aligned.jpg,5,0.0035343817435204
1329,test_1330_aligned.jpg,5,0.0033710340503603
1956,test_1957_aligned.jpg,5,0.0033251729328185
1943,test_1944_aligned.jpg,5,0.0032520999666303
655,test_0656_aligned.jpg,5,0.003218948142603
677,test_0678_aligned.jpg,5,0.0032171655911952
1668,test_1669_aligned.jpg,5,0.003210273804143
1571,test_1572_aligned.jpg,5,0.0030616098083555
1804,test_1805_aligned.jpg,5,0.0028551549185067
1619,test_1620_aligned.jpg,5,0.0027384182903915
1781,test_1782_aligned.jpg,5,0.0026598335243761
189,test_0190_aligned.jpg,5,0.0023499513044953
1370,test_1371_aligned.jpg,5,0.0022898900788277
1866,test_1867_aligned.jpg,5,0.002192951971665
1947,test_1948_aligned.jpg,5,0.0021602406632155
227,test_0228_aligned.jpg,5,0.0021438251715153
1012,test_1013_aligned.jpg,5,0.0020990974735468
41,test_0042_aligned.jpg,5,0.0020587695762515
1945,test_1946_aligned.jpg,5,0.0020251020323485
295,test_0296_aligned.jpg,5,0.0019337303237989
2057,test_2058_aligned.jpg,5,0.0019193338230252
1996,test_1997_aligned.jpg,5,0.0018540113233029
1938,test_1939_aligned.jpg,5,0.0017753568245097
819,test_0820_aligned.jpg,5,0.0016800350276753
1372,test_1373_aligned.jpg,5,0.0016703951405361
778,test_0779_aligned.jpg,5,0.0016538526397198
1533,test_1534_aligned.jpg,5,0.0016395710408687
1837,test_1838_aligned.jpg,5,0.0016285026213154
1300,test_1301_aligned.jpg,5,0.0015667318366467
1114,test_1115_aligned.jpg,5,0.0015405465383082
135,test_0136_aligned.jpg,5,0.001537927892059
1058,test_1059_aligned.jpg,5,0.0015292390016838
1963,test_1964_aligned.jpg,5,0.0014955537626519
1461,test_1462_aligned.jpg,5,0.0014573440421372
550,test_0551_aligned.jpg,5,0.0014238944277167
1131,test_1132_aligned.jpg,5,0.0013785392511636
214,test_0215_aligned.jpg,5,0.0013712774962186
1838,test_1839_aligned.jpg,5,0.0013358012074604
1690,test_1691_aligned.jpg,5,0.001332348678261
1738,test_1739_aligned.jpg,5,0.0013181816320866
200,test_0201_aligned.jpg,5,0.0013147291028872
2023,test_2024_aligned.jpg,5,0.0012938946019858
1648,test_1649_aligned.jpg,5,0.0012881800066679
2227,test_2228_aligned.jpg,5,0.0012748456792905
348,test_0349_aligned.jpg,5,0.0012360322289168
1975,test_1976_aligned.jpg,5,0.0012350797187536
1538,test_1539_aligned.jpg,5,0.0012151960982009
423,test_0424_aligned.jpg,5,0.001176499412395
2015,test_2016_aligned.jpg,5,0.0011660212185233
215,test_0216_aligned.jpg,5,0.0011654258705675
2074,test_2075_aligned.jpg,5,0.0011618537828326
326,test_0327_aligned.jpg,5,0.0011607821797952
1403,test_1404_aligned.jpg,5,0.0011461363174021
1233,test_1234_aligned.jpg,5,0.0011200590524822
1900,test_1901_aligned.jpg,5,0.0010744519531726
792,test_0793_aligned.jpg,5,0.001070522237569
1829,test_1830_aligned.jpg,5,0.0010612338082864
2061,test_2062_aligned.jpg,5,0.0010570659069344
1835,test_1836_aligned.jpg,5,0.0010534934699535
26,test_0027_aligned.jpg,5,0.0010508735431358
1867,test_1868_aligned.jpg,5,0.0010375360725447
1802,test_1803_aligned.jpg,5,0.0010327725904062
357,test_0358_aligned.jpg,5,0.0010251511121168
320,test_0321_aligned.jpg,5,0.0010144332190975
602,test_0603_aligned.jpg,5,0.0009950215462595
16,test_0017_aligned.jpg,5,0.0009927588980644
1567,test_1568_aligned.jpg,5,0.0009926398051902
451,test_0452_aligned.jpg,5,0.0009877569973468
1444,test_1445_aligned.jpg,5,0.000982993398793
1060,test_1061_aligned.jpg,5,0.000973465910647
1684,test_1685_aligned.jpg,5,0.0009500042651779
36,test_0037_aligned.jpg,5,0.0009451213409192
1755,test_1756_aligned.jpg,5,0.0008806879632174
1682,test_1683_aligned.jpg,5,0.0008764001540839
1827,test_1828_aligned.jpg,5,0.0008656806894578
1280,test_1281_aligned.jpg,5,0.0008581769652664
1750,test_1751_aligned.jpg,5,0.0008420973899774
1039,test_1040_aligned.jpg,5,0.000792070350144
2965,test_2966_aligned.jpg,6,7.903822422027588
2584,test_2585_aligned.jpg,6,6.405928611755371
2491,test_2492_aligned.jpg,6,6.079298496246338
2979,test_2980_aligned.jpg,6,5.643495082855225
3041,test_3042_aligned.jpg,6,5.4331374168396
2648,test_2649_aligned.jpg,6,5.265590190887451
2796,test_2797_aligned.jpg,6,5.2392730712890625
2828,test_2829_aligned.jpg,6,4.887639045715332
2559,test_2560_aligned.jpg,6,4.8226189613342285
3053,test_3054_aligned.jpg,6,4.503875255584717
2685,test_2686_aligned.jpg,6,4.427220821380615
2994,test_2995_aligned.jpg,6,4.254506587982178
2532,test_2533_aligned.jpg,6,4.2185139656066895
3011,test_3012_aligned.jpg,6,4.1521477699279785
3014,test_3015_aligned.jpg,6,3.7522146701812744
2659,test_2660_aligned.jpg,6,3.610670328140259
2781,test_2782_aligned.jpg,6,2.9323067665100098
2897,test_2898_aligned.jpg,6,2.8529653549194336
2680,test_2681_aligned.jpg,6,2.802105665206909
2867,test_2868_aligned.jpg,6,2.7679693698883057
2598,test_2599_aligned.jpg,6,1.8809490203857424
2513,test_2514_aligned.jpg,6,1.866302490234375
2640,test_2641_aligned.jpg,6,1.852389335632324
2411,test_2412_aligned.jpg,6,1.743510365486145
2883,test_2884_aligned.jpg,6,1.614732027053833
3031,test_3032_aligned.jpg,6,1.406614065170288
2855,test_2856_aligned.jpg,6,1.3299739360809326
2858,test_2859_aligned.jpg,6,1.230283498764038
2907,test_2908_aligned.jpg,6,1.1379470825195312
2752,test_2753_aligned.jpg,6,1.1286920309066772
2771,test_2772_aligned.jpg,6,1.1066172122955322
2761,test_2762_aligned.jpg,6,1.0138986110687256
2723,test_2724_aligned.jpg,6,0.9221687316894532
2425,test_2426_aligned.jpg,6,0.8451374769210815
2612,test_2613_aligned.jpg,6,0.7926709651947021
3022,test_3023_aligned.jpg,6,0.7741968035697937
2790,test_2791_aligned.jpg,6,0.7571218013763428
2798,test_2799_aligned.jpg,6,0.7542830109596252
2912,test_2913_aligned.jpg,6,0.7085164785385132
2981,test_2982_aligned.jpg,6,0.691640317440033
2742,test_2743_aligned.jpg,6,0.6862994432449341
3034,test_3035_aligned.jpg,6,0.6727684736251831
2727,test_2728_aligned.jpg,6,0.646871030330658
2560,test_2561_aligned.jpg,6,0.6018974184989929
2658,test_2659_aligned.jpg,6,0.5838847160339355
2393,test_2394_aligned.jpg,6,0.5222569108009338
2826,test_2827_aligned.jpg,6,0.5141980648040771
2873,test_2874_aligned.jpg,6,0.4979495704174042
3025,test_3026_aligned.jpg,6,0.4400251805782318
2523,test_2524_aligned.jpg,6,0.4311201572418213
2572,test_2573_aligned.jpg,6,0.4280230402946472
2711,test_2712_aligned.jpg,6,0.4266121685504913
2921,test_2922_aligned.jpg,6,0.402070939540863
2959,test_2960_aligned.jpg,6,0.3911207914352417
2914,test_2915_aligned.jpg,6,0.3764590620994568
3007,test_3008_aligned.jpg,6,0.3163768947124481
2891,test_2892_aligned.jpg,6,0.2958152890205383
2991,test_2992_aligned.jpg,6,0.2652373611927032
2746,test_2747_aligned.jpg,6,0.2510228753089905
3060,test_3061_aligned.jpg,6,0.2492696493864059
3067,test_3068_aligned.jpg,6,0.2438666820526123
2412,test_2413_aligned.jpg,6,0.2393857091665268
2704,test_2705_aligned.jpg,6,0.2231633812189102
2710,test_2711_aligned.jpg,6,0.2162470817565918
2667,test_2668_aligned.jpg,6,0.209039568901062
2851,test_2852_aligned.jpg,6,0.20833121240139
2868,test_2869_aligned.jpg,6,0.1963661015033722
2886,test_2887_aligned.jpg,6,0.1882051229476928
3046,test_3047_aligned.jpg,6,0.1786981374025344
2619,test_2620_aligned.jpg,6,0.1707527339458465
2649,test_2650_aligned.jpg,6,0.16986645758152
2779,test_2780_aligned.jpg,6,0.1637371033430099
2856,test_2857_aligned.jpg,6,0.1520946323871612
2399,test_2400_aligned.jpg,6,0.1502704322338104
2760,test_2761_aligned.jpg,6,0.1459170430898666
2836,test_2837_aligned.jpg,6,0.1448880285024643
2890,test_2891_aligned.jpg,6,0.1431364864110946
2595,test_2596_aligned.jpg,6,0.1400302648544311
2968,test_2969_aligned.jpg,6,0.1372737884521484
2772,test_2773_aligned.jpg,6,0.116976112127304
2966,test_2967_aligned.jpg,6,0.1094239950180053
2800,test_2801_aligned.jpg,6,0.1084987521171569
3017,test_3018_aligned.jpg,6,0.0992382243275642
2599,test_2600_aligned.jpg,6,0.0953997150063514
2418,test_2419_aligned.jpg,6,0.0953880101442337
2871,test_2872_aligned.jpg,6,0.0916929244995117
3058,test_3059_aligned.jpg,6,0.089356429874897
2618,test_2619_aligned.jpg,6,0.0884753838181495
2829,test_2830_aligned.jpg,6,0.0860037058591842
2716,test_2717_aligned.jpg,6,0.0814977288246154
3065,test_3066_aligned.jpg,6,0.0778258591890335
2948,test_2949_aligned.jpg,6,0.0734321177005767
2733,test_2734_aligned.jpg,6,0.0732238516211509
2586,test_2587_aligned.jpg,6,0.0721919536590576
2852,test_2853_aligned.jpg,6,0.0679729357361793
3018,test_3019_aligned.jpg,6,0.0645813792943954
2700,test_2701_aligned.jpg,6,0.0618374086916446
2730,test_2731_aligned.jpg,6,0.0607238002121448
2709,test_2710_aligned.jpg,6,0.0579290501773357
3040,test_3041_aligned.jpg,6,0.0571100525557994
2644,test_2645_aligned.jpg,6,0.0570037588477134
2545,test_2546_aligned.jpg,6,0.0559539645910263
2578,test_2579_aligned.jpg,6,0.0559390857815742
2638,test_2639_aligned.jpg,6,0.0559284910559654
2923,test_2924_aligned.jpg,6,0.0551872737705707
3054,test_3055_aligned.jpg,6,0.054867748171091
2701,test_2702_aligned.jpg,6,0.0532819256186485
2803,test_2804_aligned.jpg,6,0.0525442846119403
2623,test_2624_aligned.jpg,6,0.051740676164627
2936,test_2937_aligned.jpg,6,0.0499017797410488
2561,test_2562_aligned.jpg,6,0.0488548316061496
2735,test_2736_aligned.jpg,6,0.047630276530981
2718,test_2719_aligned.jpg,6,0.0460830181837081
2712,test_2713_aligned.jpg,6,0.0434008724987506
2930,test_2931_aligned.jpg,6,0.0433864891529083
2525,test_2526_aligned.jpg,6,0.0431845411658287
2515,test_2516_aligned.jpg,6,0.0383554622530937
2475,test_2476_aligned.jpg,6,0.0380767583847045
2933,test_2934_aligned.jpg,6,0.0376455299556255
3042,test_3043_aligned.jpg,6,0.03688845038414
2583,test_2584_aligned.jpg,6,0.0364247523248195
2544,test_2545_aligned.jpg,6,0.036182302981615
2707,test_2708_aligned.jpg,6,0.034723725169897
2824,test_2825_aligned.jpg,6,0.0337883457541465
2875,test_2876_aligned.jpg,6,0.0315118990838527
2737,test_2738_aligned.jpg,6,0.0314135923981666
2686,test_2687_aligned.jpg,6,0.0309389140456914
2396,test_2397_aligned.jpg,6,0.0303228106349706
2543,test_2544_aligned.jpg,6,0.0298611503094434
2744,test_2745_aligned.jpg,6,0.0295875929296016
2780,test_2781_aligned.jpg,6,0.0294269416481256
2797,test_2798_aligned.jpg,6,0.0291948299854993
2726,test_2727_aligned.jpg,6,0.0288858842104673
2582,test_2583_aligned.jpg,6,0.0276331380009651
2906,test_2907_aligned.jpg,6,0.0275730695575475
2846,test_2847_aligned.jpg,6,0.0274721719324588
2841,test_2842_aligned.jpg,6,0.0274504832923412
2895,test_2896_aligned.jpg,6,0.0268467348068952
2569,test_2570_aligned.jpg,6,0.0267694406211376
2469,test_2470_aligned.jpg,6,0.0266717132180929
2884,test_2885_aligned.jpg,6,0.026233097538352
2898,test_2899_aligned.jpg,6,0.0260739978402853
2414,test_2415_aligned.jpg,6,0.0260687712579965
2641,test_2642_aligned.jpg,6,0.0258154328912496
2759,test_2760_aligned.jpg,6,0.0256761349737644
2692,test_2693_aligned.jpg,6,0.0256472043693065
2950,test_2951_aligned.jpg,6,0.0254431515932083
2982,test_2983_aligned.jpg,6,0.024890050292015
2463,test_2464_aligned.jpg,6,0.024319190531969
3012,test_3013_aligned.jpg,6,0.0242095869034528
2633,test_2634_aligned.jpg,6,0.0239844098687171
2802,test_2803_aligned.jpg,6,0.0239196978509426
2502,test_2503_aligned.jpg,6,0.023104740306735
2814,test_2815_aligned.jpg,6,0.0213344432413578
2763,test_2764_aligned.jpg,6,0.0206745602190494
2395,test_2396_aligned.jpg,6,0.0198756512254476
2767,test_2768_aligned.jpg,6,0.0196050759404897
2812,test_2813_aligned.jpg,6,0.0195535235106945
2877,test_2878_aligned.jpg,6,0.0194179099053144
2630,test_2631_aligned.jpg,6,0.0191822946071624
2473,test_2474_aligned.jpg,6,0.0187610890716314
2624,test_2625_aligned.jpg,6,0.0187596846371889
2511,test_2512_aligned.jpg,6,0.0187080893665552
2614,test_2615_aligned.jpg,6,0.0179434362798929
3063,test_3064_aligned.jpg,6,0.0178953129798173
2435,test_2436_aligned.jpg,6,0.0176976360380649
2431,test_2432_aligned.jpg,6,0.0173835940659046
2519,test_2520_aligned.jpg,6,0.0173203274607658
2459,test_2460_aligned.jpg,6,0.0170611310750246
2512,test_2513_aligned.jpg,6,0.0167548600584268
2917,test_2918_aligned.jpg,6,0.0166440717875957
2405,test_2406_aligned.jpg,6,0.0164558812975883
2972,test_2973_aligned.jpg,6,0.016228012740612
2571,test_2572_aligned.jpg,6,0.0162063129246234
2911,test_2912_aligned.jpg,6,0.0158919189125299
2995,test_2996_aligned.jpg,6,0.0156312957406044
2528,test_2529_aligned.jpg,6,0.0156262498348951
2919,test_2920_aligned.jpg,6,0.0154943270608782
2576,test_2577_aligned.jpg,6,0.015337617136538
2683,test_2684_aligned.jpg,6,0.0150916446000337
2443,test_2444_aligned.jpg,6,0.0149511955678462
2958,test_2959_aligned.jpg,6,0.0147187551483511
2693,test_2694_aligned.jpg,6,0.0147034842520952
2457,test_2458_aligned.jpg,6,0.0144457230344414
2643,test_2644_aligned.jpg,6,0.0137987956404685
2672,test_2673_aligned.jpg,6,0.0137226041406393
2605,test_2606_aligned.jpg,6,0.0136719234287738
2671,test_2672_aligned.jpg,6,0.013539507985115
2714,test_2715_aligned.jpg,6,0.0134592978283762
2791,test_2792_aligned.jpg,6,0.0132425082847476
2655,test_2656_aligned.jpg,6,0.0132113331928849
3038,test_3039_aligned.jpg,6,0.0131681561470031
2957,test_2958_aligned.jpg,6,0.0130308493971824
2550,test_2551_aligned.jpg,6,0.013017788529396
2774,test_2775_aligned.jpg,6,0.0127458218485116
2691,test_2692_aligned.jpg,6,0.0127373477444052
2738,test_2739_aligned.jpg,6,0.0126257613301277
2657,test_2658_aligned.jpg,6,0.0123528642579913
2961,test_2962_aligned.jpg,6,0.0118380645290017
2600,test_2601_aligned.jpg,6,0.0116999857127666
